image,width,height,GaussianBlur_psnr,GaussianBlur_ssim,GaussianBlur_mse,GaussianBlur_mae,GaussianBlur_time,Median_psnr,Median_ssim,Median_mse,Median_mae,Median_time,Bilateral_psnr,Bilateral_ssim,Bilateral_mse,Bilateral_mae,Bilateral_time,Wavelet_psnr,Wavelet_ssim,Wavelet_mse,Wavelet_mae,Wavelet_time,NLM_psnr,NLM_ssim,NLM_mse,NLM_mae,NLM_time,DnCNN_psnr,DnCNN_ssim,DnCNN_mse,DnCNN_mae,DnCNN_time,DnCNN+Edge_psnr,DnCNN+Edge_ssim,DnCNN+Edge_mse,DnCNN+Edge_mae,DnCNN+Edge_time,EdgeOnly_psnr,EdgeOnly_ssim,EdgeOnly_mse,EdgeOnly_mae,EdgeOnly_time
0801.png,1024,680,26.44,0.8222,192.4,10.6,0.004,24.44,0.6959,192.4,10.6,0.006,26.84,0.8124,192.4,10.6,0.073,20.48,0.6694,192.4,10.6,0.138,24.21,0.7368,192.4,10.6,1.402,22.08,0.7139,192.4,10.6,0.431,28.81,0.8796,192.4,10.6,0.37,25.29,0.8107,192.4,10.6,0.105
0802.png,1024,680,28.8,0.8442,141.4,9.0,0.001,29.0,0.8251,141.4,9.0,0.007,29.13,0.8375,141.4,9.0,0.01,21.25,0.5232,141.4,9.0,0.129,24.25,0.6722,141.4,9.0,1.33,23.27,0.6065,141.4,9.0,0.259,30.41,0.8843,141.4,9.0,0.346,26.63,0.7624,141.4,9.0,0.106
0803.png,1024,771,29.12,0.8132,155.1,9.4,0.001,29.1,0.8278,155.1,9.4,0.006,29.99,0.8238,155.1,9.4,0.013,21.97,0.426,155.1,9.4,0.165,26.92,0.7726,155.1,9.4,1.613,22.12,0.4151,155.1,9.4,0.5,31.65,0.9022,155.1,9.4,0.417,26.22,0.6386,155.1,9.4,0.125
0804.png,1024,602,25.25,0.7818,209.9,11.0,0.001,23.59,0.6729,209.9,11.0,0.006,26.91,0.8249,209.9,11.0,0.015,20.6,0.6386,209.9,11.0,0.149,23.88,0.7408,209.9,11.0,1.487,22.2,0.6846,209.9,11.0,0.406,27.91,0.8756,209.9,11.0,0.308,24.91,0.7858,209.9,11.0,0.091
0805.png,1024,771,26.55,0.7733,190.5,10.6,0.001,25.09,0.6761,190.5,10.6,0.006,27.42,0.7666,190.5,10.6,0.012,21.85,0.6071,190.5,10.6,0.152,25.28,0.6754,190.5,10.6,1.463,22.31,0.6435,190.5,10.6,0.426,28.97,0.8263,190.5,10.6,0.399,25.33,0.737,190.5,10.6,0.12
0806.png,1024,680,26.0,0.7646,177.4,10.0,0.001,24.66,0.7215,177.4,10.0,0.005,28.42,0.8045,177.4,10.0,0.013,20.59,0.4496,177.4,10.0,0.132,25.75,0.7859,177.4,10.0,1.411,22.26,0.5056,177.4,10.0,0.37,29.39,0.8805,177.4,10.0,0.35,25.64,0.6805,177.4,10.0,0.111
0807.png,1024,566,21.19,0.607,300.0,13.2,0.001,19.52,0.4413,300.0,13.2,0.004,25.11,0.8087,300.0,13.2,0.011,20.86,0.7288,300.0,13.2,0.106,22.51,0.7929,300.0,13.2,1.324,22.17,0.7629,300.0,13.2,0.365,24.36,0.8114,300.0,13.2,0.287,23.36,0.7743,300.0,13.2,0.088
0808.png,1024,680,25.54,0.7322,169.7,9.8,0.001,24.35,0.6887,169.7,9.8,0.005,28.25,0.8062,169.7,9.8,0.01,20.94,0.4334,169.7,9.8,0.135,23.53,0.6554,169.7,9.8,1.393,22.74,0.5002,169.7,9.8,0.432,28.81,0.8788,169.7,9.8,0.353,25.83,0.6872,169.7,9.8,0.105
0809.png,1024,680,28.04,0.8176,178.6,10.2,0.001,26.45,0.7021,178.6,10.2,0.005,27.76,0.7757,178.6,10.2,0.011,20.41,0.5731,178.6,10.2,0.136,24.83,0.683,178.6,10.2,1.366,22.03,0.6302,178.6,10.2,0.429,29.65,0.8516,178.6,10.2,0.343,25.61,0.7567,178.6,10.2,0.106
0810.png,1024,771,25.76,0.7334,202.1,10.8,0.001,24.29,0.6442,202.1,10.8,0.006,27.53,0.7927,202.1,10.8,0.014,21.38,0.5272,202.1,10.8,0.16,25.63,0.8171,202.1,10.8,1.475,21.99,0.5668,202.1,10.8,0.466,28.91,0.8667,202.1,10.8,0.392,25.08,0.6918,202.1,10.8,0.122
0811.png,1024,680,27.04,0.7729,149.1,9.2,0.001,25.33,0.6509,149.1,9.2,0.005,27.7,0.7711,149.1,9.2,0.011,20.96,0.5987,149.1,9.2,0.143,22.42,0.5989,149.1,9.2,1.462,22.75,0.6563,149.1,9.2,0.44,29.29,0.8328,149.1,9.2,0.359,26.4,0.7818,149.1,9.2,0.112
0812.png,1024,771,25.52,0.751,177.4,10.1,0.001,23.76,0.6615,177.4,10.1,0.01,27.89,0.803,177.4,10.1,0.011,20.83,0.5079,177.4,10.1,0.17,24.83,0.7656,177.4,10.1,1.56,22.18,0.5862,177.4,10.1,0.523,29.5,0.8751,177.4,10.1,0.389,25.64,0.7265,177.4,10.1,0.12
0813.png,1024,734,27.22,0.7974,143.8,9.0,0.001,26.2,0.769,143.8,9.0,0.007,28.69,0.8181,143.8,9.0,0.011,20.93,0.4864,143.8,9.0,0.139,24.22,0.7139,143.8,9.0,1.313,22.62,0.5398,143.8,9.0,0.386,30.43,0.888,143.8,9.0,0.366,26.55,0.7308,143.8,9.0,0.11
0814.png,1024,680,26.3,0.7503,144.6,8.9,0.001,24.6,0.7298,144.6,8.9,0.005,28.97,0.8011,144.6,8.9,0.009,20.34,0.3661,144.6,8.9,0.129,24.03,0.5567,144.6,8.9,1.276,21.95,0.4071,144.6,8.9,0.426,30.55,0.9051,144.6,8.9,0.347,26.53,0.6791,144.6,8.9,0.106
0815.png,1024,680,28.52,0.8499,146.6,9.2,0.001,27.48,0.824,146.6,9.2,0.005,28.45,0.8309,146.6,9.2,0.012,20.51,0.4946,146.6,9.2,0.129,23.4,0.6217,146.6,9.2,1.469,22.12,0.549,146.6,9.2,0.449,30.13,0.8984,146.6,9.2,0.343,26.47,0.7644,146.6,9.2,0.107
0816.png,1024,680,27.88,0.7788,168.4,9.9,0.001,26.87,0.7098,168.4,9.9,0.005,28.6,0.7919,168.4,9.9,0.01,20.52,0.4823,168.4,9.9,0.131,26.69,0.7707,168.4,9.9,1.302,22.17,0.5315,168.4,9.9,0.389,30.57,0.8624,168.4,9.9,0.341,25.87,0.6905,168.4,9.9,0.105
0817.png,1024,771,27.87,0.8177,201.7,10.8,0.001,26.26,0.7684,201.7,10.8,0.005,27.72,0.8125,201.7,10.8,0.01,21.82,0.5421,201.7,10.8,0.145,24.71,0.788,201.7,10.8,1.366,22.15,0.5522,201.7,10.8,0.495,28.3,0.869,201.7,10.8,0.388,25.08,0.7068,201.7,10.8,0.119
0818.png,1024,771,25.85,0.7901,178.3,10.1,0.001,24.42,0.7546,178.3,10.1,0.006,27.74,0.8245,178.3,10.1,0.012,21.08,0.5123,178.3,10.1,0.148,25.15,0.8394,178.3,10.1,1.337,22.49,0.5616,178.3,10.1,0.406,29.15,0.9122,178.3,10.1,0.39,25.62,0.7299,178.3,10.1,0.119
0819.png,1024,680,25.88,0.7905,195.6,10.7,0.001,24.04,0.6643,195.6,10.7,0.005,26.81,0.8076,195.6,10.7,0.012,20.59,0.6344,195.6,10.7,0.13,23.38,0.7174,195.6,10.7,1.381,22.17,0.6813,195.6,10.7,0.393,28.15,0.871,195.6,10.7,0.341,25.22,0.7883,195.6,10.7,0.107
0820.png,1024,680,21.9,0.756,208.3,10.9,0.001,19.8,0.6007,208.3,10.9,0.005,26.41,0.8645,208.3,10.9,0.01,21.11,0.7444,208.3,10.9,0.128,23.36,0.8049,208.3,10.9,1.286,22.62,0.7726,208.3,10.9,0.449,27.61,0.9043,208.3,10.9,0.341,24.94,0.8461,208.3,10.9,0.105
0821.png,1024,680,23.54,0.8229,172.7,9.8,0.001,23.4,0.8105,172.7,9.8,0.005,27.14,0.8753,172.7,9.8,0.01,21.29,0.6998,172.7,9.8,0.13,23.61,0.8074,172.7,9.8,1.35,22.82,0.7284,172.7,9.8,0.415,28.99,0.9213,172.7,9.8,0.346,25.76,0.8293,172.7,9.8,0.105
0822.png,1024,801,26.6,0.8241,164.0,9.8,0.001,24.93,0.7201,164.0,9.8,0.006,27.07,0.8148,164.0,9.8,0.012,21.41,0.6647,164.0,9.8,0.151,22.34,0.6989,164.0,9.8,1.436,22.67,0.7352,164.0,9.8,0.491,28.91,0.8821,164.0,9.8,0.421,25.98,0.836,164.0,9.8,0.123
0823.png,1024,644,24.76,0.7501,196.4,10.5,0.001,23.15,0.6884,196.4,10.5,0.005,27.79,0.8225,196.4,10.5,0.011,20.74,0.5093,196.4,10.5,0.118,25.81,0.8401,196.4,10.5,1.227,22.46,0.5643,196.4,10.5,0.408,28.78,0.8901,196.4,10.5,0.326,25.2,0.697,196.4,10.5,0.1
0824.png,1024,680,25.5,0.7938,161.5,9.5,0.001,24.2,0.7642,161.5,9.5,0.005,28.67,0.8376,161.5,9.5,0.011,20.59,0.4898,161.5,9.5,0.141,23.81,0.7143,161.5,9.5,1.302,22.24,0.5344,161.5,9.5,0.41,30.17,0.9133,161.5,9.5,0.341,26.05,0.7372,161.5,9.5,0.106
0825.png,1024,680,24.74,0.7974,193.2,10.6,0.001,23.09,0.6989,193.2,10.6,0.005,27.13,0.8355,193.2,10.6,0.011,20.62,0.6541,193.2,10.6,0.124,23.75,0.7457,193.2,10.6,1.333,22.18,0.6946,193.2,10.6,0.406,28.55,0.8868,193.2,10.6,0.343,25.27,0.8024,193.2,10.6,0.104
0826.png,1024,771,23.81,0.7075,201.0,10.7,0.001,22.42,0.6156,201.0,10.7,0.005,27.21,0.8148,201.0,10.7,0.013,20.85,0.4895,201.0,10.7,0.142,23.98,0.782,201.0,10.7,1.335,22.5,0.5901,201.0,10.7,0.498,27.82,0.8771,201.0,10.7,0.392,25.1,0.7307,201.0,10.7,0.119
0827.png,1024,771,28.6,0.7618,83.2,6.9,0.001,27.36,0.7145,83.2,6.9,0.005,30.6,0.7916,83.2,6.9,0.012,22.69,0.4395,83.2,6.9,0.144,21.62,0.388,83.2,6.9,1.369,23.22,0.4549,83.2,6.9,0.443,32.36,0.8403,83.2,6.9,0.389,28.93,0.7283,83.2,6.9,0.119
0828.png,1024,680,17.83,0.6256,252.2,11.2,0.001,15.56,0.5015,252.2,11.2,0.005,26.78,0.8798,252.2,11.2,0.011,21.62,0.7042,252.2,11.2,0.126,21.52,0.6964,252.2,11.2,1.351,22.83,0.7322,252.2,11.2,0.447,25.1,0.9151,252.2,11.2,0.344,24.11,0.863,252.2,11.2,0.108
0829.png,1024,680,26.66,0.6696,179.9,10.3,0.001,25.78,0.6009,179.9,10.3,0.005,28.14,0.7342,179.9,10.3,0.01,20.54,0.4968,179.9,10.3,0.135,24.67,0.6685,179.9,10.3,1.364,22.18,0.5504,179.9,10.3,0.407,28.73,0.74,179.9,10.3,0.341,25.58,0.6355,179.9,10.3,0.104
0830.png,1024,409,24.42,0.71,213.2,11.1,0.001,22.63,0.6072,213.2,11.1,0.003,27.33,0.7969,213.2,11.1,0.036,20.04,0.4179,213.2,11.1,0.07,25.54,0.8089,213.2,11.1,1.091,22.01,0.5723,213.2,11.1,0.289,28.36,0.8709,213.2,11.1,0.236,24.84,0.7002,213.2,11.1,0.062
0831.png,1024,680,25.9,0.7873,151.3,9.3,0.001,24.58,0.7141,151.3,9.3,0.005,27.91,0.8195,151.3,9.3,0.011,20.87,0.5921,151.3,9.3,0.13,22.96,0.6651,151.3,9.3,1.33,22.54,0.6438,151.3,9.3,0.42,29.64,0.8861,151.3,9.3,0.342,26.33,0.7914,151.3,9.3,0.105
0832.png,1024,680,26.15,0.8094,157.2,9.5,0.001,24.43,0.7315,157.2,9.5,0.005,27.91,0.8262,157.2,9.5,0.01,20.85,0.5671,157.2,9.5,0.141,23.11,0.6697,157.2,9.5,1.481,22.51,0.6186,157.2,9.5,0.458,29.55,0.8798,157.2,9.5,0.344,26.17,0.7762,157.2,9.5,0.104
0833.png,1024,777,27.84,0.787,152.7,9.3,0.001,26.94,0.777,152.7,9.3,0.006,29.53,0.81,152.7,9.3,0.011,21.57,0.4376,152.7,9.3,0.148,27.99,0.8551,152.7,9.3,1.451,22.39,0.453,152.7,9.3,0.513,31.84,0.8959,152.7,9.3,0.39,26.29,0.6593,152.7,9.3,0.119
0834.png,1024,680,24.66,0.7496,193.9,10.6,0.001,23.51,0.6625,193.9,10.6,0.005,27.32,0.8434,193.9,10.6,0.012,21.08,0.5462,193.9,10.6,0.126,24.25,0.7865,193.9,10.6,1.326,22.78,0.5906,193.9,10.6,0.391,28.0,0.8852,193.9,10.6,0.345,25.26,0.7515,193.9,10.6,0.105
0835.png,813,1024,23.32,0.6915,233.4,11.8,0.001,21.53,0.5093,233.4,11.8,0.007,25.96,0.7953,233.4,11.8,0.013,20.57,0.6668,233.4,11.8,0.124,22.79,0.7279,233.4,11.8,1.476,22.27,0.7658,233.4,11.8,0.473,26.57,0.8279,233.4,11.8,0.41,24.45,0.8052,233.4,11.8,0.125
0836.png,1024,771,23.86,0.7427,195.3,10.5,0.001,22.05,0.6465,195.3,10.5,0.006,27.66,0.8471,195.3,10.5,0.011,20.87,0.5502,195.3,10.5,0.156,24.72,0.8157,195.3,10.5,1.37,22.44,0.6102,195.3,10.5,0.46,28.54,0.887,195.3,10.5,0.388,25.22,0.7494,195.3,10.5,0.119
0837.png,1024,680,24.07,0.7844,185.7,10.3,0.001,22.39,0.6843,185.7,10.3,0.005,26.94,0.8517,185.7,10.3,0.01,20.87,0.6799,185.7,10.3,0.131,22.47,0.7251,185.7,10.3,1.366,22.48,0.7185,185.7,10.3,0.389,28.07,0.9008,185.7,10.3,0.342,25.44,0.832,185.7,10.3,0.105
0838.png,1024,680,30.22,0.8035,113.8,8.0,0.001,30.57,0.8054,113.8,8.0,0.007,30.54,0.8084,113.8,8.0,0.012,20.71,0.3453,113.8,8.0,0.161,23.06,0.4867,113.8,8.0,1.681,22.39,0.399,113.8,8.0,0.484,32.78,0.8758,113.8,8.0,0.348,27.57,0.6854,113.8,8.0,0.108
0839.png,1024,680,26.5,0.4907,148.5,9.5,0.001,26.37,0.6165,148.5,9.5,0.006,27.51,0.508,148.5,9.5,0.012,21.54,0.4205,148.5,9.5,0.154,23.4,0.4241,148.5,9.5,1.383,23.63,0.4912,148.5,9.5,0.391,30.05,0.7377,148.5,9.5,0.342,26.41,0.525,148.5,9.5,0.105
0840.png,1024,680,26.3,0.8121,165.2,9.8,0.001,24.7,0.7116,165.2,9.8,0.005,27.33,0.8241,165.2,9.8,0.01,20.77,0.658,165.2,9.8,0.129,22.43,0.6584,165.2,9.8,1.344,22.48,0.7133,165.2,9.8,0.411,28.84,0.88,165.2,9.8,0.349,25.95,0.8298,165.2,9.8,0.106
0841.png,1024,680,25.99,0.7816,139.3,8.8,0.001,24.18,0.698,139.3,8.8,0.006,28.27,0.8126,139.3,8.8,0.011,20.79,0.5183,139.3,8.8,0.131,21.96,0.5372,139.3,8.8,1.319,22.47,0.5683,139.3,8.8,0.416,29.73,0.873,139.3,8.8,0.342,26.69,0.7733,139.3,8.8,0.104
0842.png,1024,680,27.26,0.7946,162.8,9.6,0.001,25.9,0.7304,162.8,9.6,0.005,28.53,0.8195,162.8,9.6,0.011,20.74,0.4985,162.8,9.6,0.121,25.73,0.7807,162.8,9.6,1.365,22.41,0.5496,162.8,9.6,0.448,30.19,0.8842,162.8,9.6,0.342,26.02,0.7241,162.8,9.6,0.104
0843.png,1024,680,30.71,0.8252,60.3,5.7,0.001,31.09,0.8256,60.3,5.7,0.005,32.8,0.8908,60.3,5.7,0.008,22.01,0.3151,60.3,5.7,0.131,22.53,0.3414,60.3,5.7,1.353,24.16,0.3919,60.3,5.7,0.448,35.26,0.9358,60.3,5.7,0.342,30.33,0.7835,60.3,5.7,0.105
0844.png,680,1024,30.18,0.8208,121.7,8.3,0.001,30.89,0.8324,121.7,8.3,0.005,31.45,0.8453,121.7,8.3,0.009,21.16,0.3017,121.7,8.3,0.097,27.18,0.7824,121.7,8.3,1.386,22.91,0.3455,121.7,8.3,0.419,33.29,0.9308,121.7,8.3,0.343,27.28,0.6573,121.7,8.3,0.105
0845.png,1024,680,22.45,0.7234,191.0,10.3,0.001,20.79,0.6298,191.0,10.3,0.005,27.45,0.8582,191.0,10.3,0.01,21.44,0.6141,191.0,10.3,0.135,24.38,0.8174,191.0,10.3,1.295,23.17,0.661,191.0,10.3,0.363,28.07,0.8927,191.0,10.3,0.342,25.32,0.7854,191.0,10.3,0.105
0846.png,1024,686,22.76,0.7343,167.8,9.9,0.001,20.94,0.6546,167.8,9.9,0.005,27.41,0.8329,167.8,9.9,0.01,21.54,0.6086,167.8,9.9,0.128,23.94,0.7677,167.8,9.9,1.302,23.22,0.6574,167.8,9.9,0.445,28.68,0.8728,167.8,9.9,0.342,25.88,0.78,167.8,9.9,0.108
0847.png,680,1024,24.8,0.7637,184.8,10.3,0.001,23.42,0.6863,184.8,10.3,0.005,27.21,0.8218,184.8,10.3,0.01,20.99,0.6206,184.8,10.3,0.1,23.83,0.7398,184.8,10.3,1.314,22.62,0.6707,184.8,10.3,0.438,28.29,0.8627,184.8,10.3,0.34,25.46,0.7725,184.8,10.3,0.107
0848.png,1024,771,25.28,0.7363,168.2,9.7,0.001,24.53,0.6961,168.2,9.7,0.006,28.13,0.7958,168.2,9.7,0.012,21.53,0.5374,168.2,9.7,0.155,23.7,0.6585,168.2,9.7,1.381,22.69,0.6032,168.2,9.7,0.471,29.07,0.8346,168.2,9.7,0.388,25.87,0.7255,168.2,9.7,0.121
0849.png,1024,680,20.45,0.7523,242.3,11.7,0.001,18.5,0.6094,242.3,11.7,0.005,25.96,0.883,242.3,11.7,0.01,21.08,0.8003,242.3,11.7,0.156,21.75,0.7941,242.3,11.7,1.412,22.61,0.828,242.3,11.7,0.434,26.16,0.9061,242.3,11.7,0.342,24.29,0.8794,242.3,11.7,0.105
0850.png,1024,680,26.38,0.764,170.5,9.9,0.001,25.18,0.6995,170.5,9.9,0.005,28.33,0.8048,170.5,9.9,0.01,20.62,0.5129,170.5,9.9,0.139,24.81,0.7374,170.5,9.9,1.405,22.28,0.5618,170.5,9.9,0.457,29.54,0.8614,170.5,9.9,0.341,25.81,0.7135,170.5,9.9,0.105
0851.png,1024,674,25.85,0.7675,141.5,8.7,0.001,24.68,0.7595,141.5,8.7,0.005,28.54,0.8279,141.5,8.7,0.009,21.15,0.4082,141.5,8.7,0.126,23.51,0.6366,141.5,8.7,1.268,22.9,0.4986,141.5,8.7,0.373,29.66,0.9028,141.5,8.7,0.342,26.62,0.6807,141.5,8.7,0.107
0852.png,1024,578,26.7,0.5132,114.7,8.6,0.001,27.21,0.6093,114.7,8.6,0.004,27.82,0.5356,114.7,8.6,0.011,22.63,0.4072,114.7,8.6,0.106,22.59,0.4039,114.7,8.6,1.11,25.18,0.5148,114.7,8.6,0.393,29.41,0.7021,114.7,8.6,0.309,27.54,0.5648,114.7,8.6,0.09
0853.png,1024,680,28.16,0.7945,121.4,8.1,0.001,26.86,0.7706,121.4,8.1,0.005,29.14,0.8288,121.4,8.1,0.01,21.25,0.3973,121.4,8.1,0.122,23.0,0.5002,121.4,8.1,1.315,23.03,0.4718,121.4,8.1,0.353,30.34,0.8997,121.4,8.1,0.341,27.29,0.7367,121.4,8.1,0.105
0854.png,1024,536,24.16,0.7355,211.3,11.0,0.001,22.4,0.6397,211.3,11.0,0.004,27.23,0.8155,211.3,11.0,0.01,20.52,0.5986,211.3,11.0,0.108,24.2,0.7834,211.3,11.0,1.159,22.14,0.6374,211.3,11.0,0.367,28.21,0.8766,211.3,11.0,0.273,24.88,0.7458,211.3,11.0,0.081
0855.png,1024,1024,27.13,0.7309,170.6,9.9,0.001,25.66,0.6732,170.6,9.9,0.007,28.44,0.7651,170.6,9.9,0.014,20.59,0.4702,170.6,9.9,0.199,25.36,0.7213,170.6,9.9,1.576,22.29,0.5229,170.6,9.9,2.687,30.06,0.8187,170.6,9.9,3.179,25.81,0.6571,170.6,9.9,0.593
0856.png,1024,680,23.66,0.7109,256.5,12.0,0.001,21.57,0.5485,256.5,12.0,0.005,25.21,0.7808,256.5,12.0,0.01,20.91,0.6252,256.5,12.0,0.127,20.94,0.6217,256.5,12.0,1.322,22.28,0.6816,256.5,12.0,0.443,24.71,0.8387,256.5,12.0,0.343,24.04,0.7827,256.5,12.0,0.104
0857.png,1024,710,29.99,0.7617,149.7,9.2,0.001,30.22,0.7854,149.7,9.2,0.005,30.55,0.7812,149.7,9.2,0.01,20.33,0.2997,149.7,9.2,0.135,29.04,0.8004,149.7,9.2,1.248,21.95,0.3504,149.7,9.2,0.445,33.12,0.8709,149.7,9.2,0.36,26.38,0.5829,149.7,9.2,0.113
0858.png,1024,680,26.13,0.7031,145.7,9.3,0.001,25.07,0.6316,145.7,9.3,0.005,27.18,0.7097,145.7,9.3,0.011,21.73,0.6099,145.7,9.3,0.128,22.15,0.6023,145.7,9.3,1.332,23.76,0.6795,145.7,9.3,0.409,28.47,0.783,145.7,9.3,0.341,26.5,0.7502,145.7,9.3,0.115
0859.png,1024,680,24.46,0.7229,228.8,11.6,0.001,22.61,0.5708,228.8,11.6,0.005,26.62,0.8042,228.8,11.6,0.009,20.52,0.6708,228.8,11.6,0.123,24.34,0.7198,228.8,11.6,1.346,22.16,0.7168,228.8,11.6,0.45,27.64,0.8394,228.8,11.6,0.343,24.54,0.7694,228.8,11.6,0.103
0860.png,1024,771,20.92,0.6762,273.7,12.6,0.001,19.13,0.497,273.7,12.6,0.006,25.22,0.8683,273.7,12.6,0.015,19.02,0.6776,273.7,12.6,0.148,22.2,0.7947,273.7,12.6,1.405,22.45,0.8399,273.7,12.6,0.481,25.6,0.8963,273.7,12.6,0.389,23.76,0.871,273.7,12.6,0.12
0861.png,1024,680,22.21,0.6407,175.9,9.8,0.001,20.5,0.5444,175.9,9.8,0.005,26.92,0.7923,175.9,9.8,0.01,21.96,0.6677,175.9,9.8,0.13,22.88,0.7069,175.9,9.8,1.366,23.91,0.7379,175.9,9.8,0.424,27.69,0.8548,175.9,9.8,0.343,25.68,0.791,175.9,9.8,0.104
0862.png,1024,680,29.36,0.7428,165.5,9.7,0.001,29.18,0.7317,165.5,9.7,0.005,29.81,0.7572,165.5,9.7,0.012,20.37,0.3344,165.5,9.7,0.126,29.8,0.8247,165.5,9.7,1.346,22.04,0.3847,165.5,9.7,0.415,31.79,0.8559,165.5,9.7,0.35,25.94,0.5837,165.5,9.7,0.107
0863.png,752,1024,29.06,0.8191,141.3,9.0,0.001,28.46,0.8048,141.3,9.0,0.005,29.58,0.831,141.3,9.0,0.013,20.73,0.4217,141.3,9.0,0.109,26.55,0.8103,141.3,9.0,1.345,22.41,0.4708,141.3,9.0,0.458,31.7,0.9096,141.3,9.0,0.378,26.63,0.6974,141.3,9.0,0.115
0864.png,1024,680,27.53,0.7786,152.9,9.5,0.001,26.15,0.6685,152.9,9.5,0.005,28.0,0.7735,152.9,9.5,0.011,20.51,0.5654,152.9,9.5,0.123,22.91,0.631,152.9,9.5,1.312,22.16,0.6214,152.9,9.5,0.45,29.82,0.84,152.9,9.5,0.343,26.29,0.7561,152.9,9.5,0.104
0865.png,1024,771,26.51,0.7534,183.9,10.3,0.001,25.19,0.6806,183.9,10.3,0.006,28.1,0.7961,183.9,10.3,0.011,21.19,0.49,183.9,10.3,0.156,25.46,0.7212,183.9,10.3,1.434,22.0,0.5667,183.9,10.3,0.431,29.49,0.8607,183.9,10.3,0.389,25.48,0.7103,183.9,10.3,0.119
0866.png,680,1024,24.78,0.8025,222.9,11.4,0.001,23.06,0.6985,222.9,11.4,0.006,26.42,0.8444,222.9,11.4,0.013,20.44,0.6832,222.9,11.4,0.101,24.7,0.825,222.9,11.4,1.331,22.03,0.7248,222.9,11.4,0.398,27.79,0.9008,222.9,11.4,0.343,24.65,0.8151,222.9,11.4,0.106
0867.png,680,1024,25.74,0.7992,188.5,10.4,0.001,23.85,0.6944,188.5,10.4,0.005,27.23,0.837,188.5,10.4,0.01,20.57,0.641,188.5,10.4,0.096,23.32,0.7291,188.5,10.4,1.429,22.11,0.6778,188.5,10.4,0.413,28.5,0.8935,188.5,10.4,0.341,25.38,0.8017,188.5,10.4,0.104
0868.png,1024,680,28.04,0.7841,139.4,8.8,0.001,26.89,0.7913,139.4,8.8,0.005,30.72,0.8355,139.4,8.8,0.011,20.93,0.3127,139.4,8.8,0.126,29.62,0.945,139.4,8.8,1.735,22.71,0.3632,139.4,8.8,0.407,33.08,0.9466,139.4,8.8,0.34,26.69,0.6263,139.4,8.8,0.106
0869.png,680,1024,23.77,0.7423,204.0,10.7,0.001,22.17,0.6622,204.0,10.7,0.005,27.35,0.831,204.0,10.7,0.012,20.53,0.5529,204.0,10.7,0.097,24.58,0.7757,204.0,10.7,1.306,22.19,0.593,204.0,10.7,0.437,28.3,0.8971,204.0,10.7,0.347,25.03,0.7401,204.0,10.7,0.104
0870.png,1024,789,25.97,0.8384,199.0,10.8,0.001,23.86,0.715,199.0,10.8,0.006,26.44,0.8328,199.0,10.8,0.011,21.18,0.6914,199.0,10.8,0.146,23.52,0.7738,199.0,10.8,1.393,22.11,0.7512,199.0,10.8,0.479,28.19,0.8986,199.0,10.8,0.394,25.14,0.8396,199.0,10.8,0.119
0871.png,1024,680,27.63,0.8235,177.3,10.1,0.001,26.22,0.7679,177.3,10.1,0.005,28.1,0.8202,177.3,10.1,0.011,20.37,0.5334,177.3,10.1,0.121,24.84,0.7216,177.3,10.1,1.334,21.96,0.5794,177.3,10.1,0.39,29.83,0.8912,177.3,10.1,0.341,25.64,0.7463,177.3,10.1,0.104
0872.png,1024,680,23.19,0.7396,237.7,11.8,0.001,21.56,0.6024,237.7,11.8,0.005,26.2,0.8275,237.7,11.8,0.009,20.52,0.7099,237.7,11.8,0.128,23.25,0.745,237.7,11.8,1.366,22.1,0.748,237.7,11.8,0.405,26.96,0.8594,237.7,11.8,0.343,24.37,0.8081,237.7,11.8,0.105
0873.png,1024,680,23.66,0.7199,220.1,11.3,0.001,21.64,0.5846,220.1,11.3,0.005,26.69,0.8316,220.1,11.3,0.011,20.54,0.6318,220.1,11.3,0.128,23.2,0.7986,220.1,11.3,1.324,22.17,0.6709,220.1,11.3,0.438,27.45,0.8893,220.1,11.3,0.343,24.7,0.7743,220.1,11.3,0.106
0874.png,1024,680,27.08,0.7543,186.6,10.4,0.001,26.09,0.6515,186.6,10.4,0.005,28.15,0.7754,186.6,10.4,0.009,20.5,0.5157,186.6,10.4,0.126,26.97,0.7183,186.6,10.4,1.314,22.15,0.5704,186.6,10.4,0.45,29.79,0.8254,186.6,10.4,0.341,25.42,0.6928,186.6,10.4,0.105
0875.png,1024,771,23.22,0.6984,213.7,11.2,0.001,21.72,0.5581,213.7,11.2,0.006,26.23,0.8156,213.7,11.2,0.013,20.37,0.6425,213.7,11.2,0.15,22.6,0.7481,213.7,11.2,1.389,22.45,0.7677,213.7,11.2,0.454,27.18,0.8557,213.7,11.2,0.388,24.83,0.8158,213.7,11.2,0.117
0876.png,1024,680,22.73,0.6019,210.7,11.2,0.001,21.27,0.4628,210.7,11.2,0.005,25.8,0.7516,210.7,11.2,0.01,21.38,0.7233,210.7,11.2,0.129,21.96,0.7244,210.7,11.2,1.305,23.18,0.775,210.7,11.2,0.422,26.32,0.7968,210.7,11.2,0.341,24.89,0.7793,210.7,11.2,0.105
0877.png,1024,578,30.08,0.81,90.3,7.2,0.001,29.85,0.8078,90.3,7.2,0.004,30.76,0.8136,90.3,7.2,0.01,20.83,0.3535,90.3,7.2,0.108,21.19,0.3656,90.3,7.2,1.099,22.53,0.4049,90.3,7.2,0.391,32.97,0.8888,90.3,7.2,0.303,28.58,0.7221,90.3,7.2,0.09
0878.png,1024,873,27.2,0.8262,178.3,10.1,0.001,25.89,0.7592,178.3,10.1,0.006,28.03,0.8205,178.3,10.1,0.009,21.52,0.595,178.3,10.1,0.163,25.93,0.7594,178.3,10.1,1.424,22.07,0.6136,178.3,10.1,3.35,30.3,0.8967,178.3,10.1,4.555,25.62,0.7638,178.3,10.1,0.765
0879.png,1024,939,25.6,0.7499,167.2,9.7,0.001,23.96,0.7095,167.2,9.7,0.01,28.73,0.8175,167.2,9.7,0.014,20.73,0.4244,167.2,9.7,0.283,25.55,0.8003,167.2,9.7,1.916,22.31,0.4931,167.2,9.7,3.827,30.27,0.9119,167.2,9.7,4.483,25.9,0.6822,167.2,9.7,0.827
0880.png,680,1024,28.21,0.7832,163.4,9.6,0.001,26.99,0.7548,163.4,9.6,0.007,28.71,0.7958,163.4,9.6,0.012,20.32,0.4197,163.4,9.6,0.123,27.12,0.7973,163.4,9.6,1.565,21.95,0.4626,163.4,9.6,0.498,31.09,0.9071,163.4,9.6,0.354,26.0,0.6686,163.4,9.6,0.111
0881.png,1024,632,25.55,0.7221,197.4,10.6,0.001,24.02,0.6553,197.4,10.6,0.005,28.15,0.7916,197.4,10.6,0.012,20.35,0.4566,197.4,10.6,0.128,26.89,0.8302,197.4,10.6,1.35,21.99,0.5015,197.4,10.6,0.428,29.48,0.8786,197.4,10.6,0.343,25.18,0.6525,197.4,10.6,0.101
0882.png,1024,680,28.29,0.8435,144.3,9.0,0.001,27.73,0.8541,144.3,9.0,0.005,29.49,0.8528,144.3,9.0,0.011,20.7,0.4444,144.3,9.0,0.143,24.77,0.6969,144.3,9.0,1.388,22.33,0.4966,144.3,9.0,0.454,31.27,0.9197,144.3,9.0,0.344,26.54,0.7298,144.3,9.0,0.105
0883.png,1024,692,24.69,0.7551,223.3,11.5,0.001,22.6,0.5953,223.3,11.5,0.005,26.08,0.8061,223.3,11.5,0.01,20.58,0.6816,223.3,11.5,0.128,23.42,0.7622,223.3,11.5,1.366,22.18,0.72,223.3,11.5,0.386,27.32,0.8692,223.3,11.5,0.345,24.64,0.8014,223.3,11.5,0.106
0884.png,1024,680,24.53,0.7618,200.1,10.8,0.001,22.88,0.6351,200.1,10.8,0.005,26.68,0.8156,200.1,10.8,0.01,20.68,0.6715,200.1,10.8,0.134,22.86,0.7056,200.1,10.8,1.315,22.35,0.7176,200.1,10.8,0.409,27.89,0.8706,200.1,10.8,0.342,25.12,0.8104,200.1,10.8,0.105
0885.png,1024,680,23.15,0.6758,243.6,12.0,0.001,21.11,0.4722,243.6,12.0,0.005,25.65,0.8182,243.6,12.0,0.01,20.4,0.7403,243.6,12.0,0.122,21.82,0.7157,243.6,12.0,1.339,21.92,0.782,243.6,12.0,0.44,26.34,0.8568,243.6,12.0,0.342,24.26,0.8195,243.6,12.0,0.104
0886.png,1024,680,29.04,0.7916,135.6,8.7,0.001,28.77,0.8091,135.6,8.7,0.005,29.79,0.8079,135.6,8.7,0.009,20.63,0.3406,135.6,8.7,0.129,25.31,0.6732,135.6,8.7,1.326,22.32,0.3958,135.6,8.7,0.446,31.86,0.8944,135.6,8.7,0.341,26.81,0.6489,135.6,8.7,0.106
0887.png,1024,680,24.38,0.7172,199.6,10.7,0.001,22.58,0.6307,199.6,10.7,0.005,27.31,0.7951,199.6,10.7,0.01,20.84,0.5578,199.6,10.7,0.129,24.59,0.8493,199.6,10.7,1.302,22.59,0.5951,199.6,10.7,0.349,27.93,0.8649,199.6,10.7,0.341,25.13,0.7149,199.6,10.7,0.105
0888.png,1024,680,26.37,0.8271,171.7,9.9,0.001,24.98,0.7709,171.7,9.9,0.005,27.79,0.8356,171.7,9.9,0.01,20.82,0.5989,171.7,9.9,0.134,24.01,0.7327,171.7,9.9,1.317,22.45,0.6536,171.7,9.9,0.447,29.17,0.8917,171.7,9.9,0.341,25.78,0.7876,171.7,9.9,0.104
0889.png,1024,680,25.61,0.8643,193.9,10.7,0.001,23.8,0.7783,193.9,10.7,0.005,26.48,0.8573,193.9,10.7,0.01,20.93,0.7226,193.9,10.7,0.129,23.36,0.7846,193.9,10.7,1.364,22.48,0.7654,193.9,10.7,0.402,28.07,0.9115,193.9,10.7,0.35,25.25,0.8519,193.9,10.7,0.107
0890.png,1024,686,25.53,0.7004,211.0,11.0,0.001,24.17,0.6349,211.0,11.0,0.005,27.7,0.7877,211.0,11.0,0.013,20.31,0.4748,211.0,11.0,0.133,25.99,0.8444,211.0,11.0,1.358,21.93,0.515,211.0,11.0,0.43,28.68,0.8766,211.0,11.0,0.342,24.89,0.6484,211.0,11.0,0.104
0891.png,837,1024,24.3,0.7698,208.5,11.0,0.001,22.7,0.6812,208.5,11.0,0.005,27.49,0.8471,208.5,11.0,0.012,20.91,0.6313,208.5,11.0,0.126,24.38,0.7923,208.5,11.0,1.463,22.23,0.6849,208.5,11.0,0.522,28.09,0.8897,208.5,11.0,1.021,24.94,0.7899,208.5,11.0,0.72
0892.png,1024,644,24.79,0.8335,203.1,10.9,0.001,22.76,0.7359,203.1,10.9,0.005,26.91,0.8712,203.1,10.9,0.012,20.68,0.7043,203.1,10.9,0.119,24.17,0.8081,203.1,10.9,1.236,22.19,0.7369,203.1,10.9,0.417,28.35,0.9199,203.1,10.9,0.338,25.05,0.8401,203.1,10.9,0.099
0893.png,1024,680,28.71,0.7939,118.5,8.2,0.001,27.79,0.77,118.5,8.2,0.005,29.27,0.8064,118.5,8.2,0.011,20.8,0.4553,118.5,8.2,0.13,21.89,0.5065,118.5,8.2,1.325,22.54,0.5154,118.5,8.2,0.43,31.3,0.8565,118.5,8.2,0.34,27.39,0.7303,118.5,8.2,0.104
0894.png,680,1024,27.61,0.7842,168.0,9.8,0.001,26.82,0.7352,168.0,9.8,0.005,28.79,0.7835,168.0,9.8,0.01,20.74,0.4589,168.0,9.8,0.093,26.96,0.7233,168.0,9.8,1.413,22.43,0.5069,168.0,9.8,0.396,30.34,0.8623,168.0,9.8,0.343,25.88,0.67,168.0,9.8,0.107
0895.png,1024,644,21.15,0.6563,281.8,12.9,0.001,19.29,0.4642,281.8,12.9,0.005,25.17,0.8326,281.8,12.9,0.009,20.6,0.7664,281.8,12.9,0.118,21.91,0.7523,281.8,12.9,1.368,22.09,0.7981,281.8,12.9,0.34,25.45,0.8537,281.8,12.9,0.325,23.63,0.8331,281.8,12.9,0.1
0896.png,1024,680,29.02,0.8085,118.2,8.1,0.001,29.32,0.8067,118.2,8.1,0.005,30.89,0.8487,118.2,8.1,0.01,21.4,0.341,118.2,8.1,0.128,28.55,0.8943,118.2,8.1,1.311,23.21,0.3895,118.2,8.1,0.364,33.57,0.934,118.2,8.1,0.342,27.4,0.6684,118.2,8.1,0.105
0897.png,1024,686,21.53,0.8172,265.6,12.4,0.001,19.91,0.7384,265.6,12.4,0.005,25.14,0.9181,265.6,12.4,0.011,21.23,0.8997,265.6,12.4,0.129,22.13,0.8944,265.6,12.4,1.322,22.78,0.9197,265.6,12.4,0.449,25.58,0.9345,265.6,12.4,0.343,23.89,0.9247,265.6,12.4,0.105
0898.png,1024,680,28.53,0.7635,174.5,9.9,0.001,27.64,0.7779,174.5,9.9,0.005,29.63,0.7874,174.5,9.9,0.009,20.43,0.3266,174.5,9.9,0.128,28.95,0.8929,174.5,9.9,1.315,22.08,0.3685,174.5,9.9,0.444,31.44,0.9109,174.5,9.9,0.341,25.71,0.5834,174.5,9.9,0.105
0899.png,1024,680,25.76,0.8027,146.1,9.0,0.001,25.46,0.7771,146.1,9.0,0.005,28.73,0.8349,146.1,9.0,0.009,20.87,0.5392,146.1,9.0,0.127,22.17,0.5785,146.1,9.0,1.38,22.6,0.5893,146.1,9.0,0.409,29.59,0.8773,146.1,9.0,0.346,26.48,0.772,146.1,9.0,0.105
0900.png,1024,578,23.94,0.7014,150.4,9.2,0.001,22.18,0.666,150.4,9.2,0.004,27.23,0.7599,150.4,9.2,0.011,21.83,0.5962,150.4,9.2,0.107,22.59,0.6233,150.4,9.2,1.092,23.73,0.6562,150.4,9.2,0.348,28.77,0.8546,150.4,9.2,0.292,26.36,0.7575,150.4,9.2,0.091
